Number, Restaurent Name, Trip Advisor URL, Visited?, Rating
1,Pacific Rim By Kana,http://tripadvisor.com/Restaurant_Review-g29556-d416912-Reviews-Pacific_Rim_By_Kana-Ann_Arbor_Michigan.html,no,
2,Mani Osteria,http://tripadvisor.com/Restaurant_Review-g29556-d2196441-Reviews-Mani_Osteria-Ann_Arbor_Michigan.html,no,
3,Zingerman's Delicatessen,http://tripadvisor.com/Restaurant_Review-g29556-d416774-Reviews-Zingerman_s_Delicatessen-Ann_Arbor_Michigan.html,no,
4,Sava's,http://tripadvisor.com/Restaurant_Review-g29556-d673338-Reviews-Sava_s-Ann_Arbor_Michigan.html,no,
5,Jolly Pumpkin in Ann Arbor,http://tripadvisor.com/Restaurant_Review-g29556-d1819787-Reviews-Jolly_Pumpkin_in_Ann_Arbor-Ann_Arbor_Michigan.html,no,
6,Zingerman's Roadhouse,http://tripadvisor.com/Restaurant_Review-g29556-d417056-Reviews-Zingerman_s_Roadhouse-Ann_Arbor_Michigan.html,no,
7,Gandy Dancer,http://tripadvisor.com/Restaurant_Review-g29556-d416789-Reviews-Gandy_Dancer-Ann_Arbor_Michigan.html,no,
8,Metzgers German Restaurant,http://tripadvisor.com/Restaurant_Review-g29556-d416819-Reviews-Metzgers_German_Restaurant-Ann_Arbor_Michigan.html,no,
9,Tomukun,http://tripadvisor.com/Restaurant_Review-g29556-d1917083-Reviews-Tomukun-Ann_Arbor_Michigan.html,no,
10,Frita Batidos,http://tripadvisor.com/Restaurant_Review-g29556-d1989898-Reviews-Frita_Batidos-Ann_Arbor_Michigan.html,no,
11,Grizzly Peak Brewing Company,http://tripadvisor.com/Restaurant_Review-g29556-d416775-Reviews-Grizzly_Peak_Brewing_Company-Ann_Arbor_Michigan.html,no,
12,Cafe Zola,http://tripadvisor.com/Restaurant_Review-g29556-d416807-Reviews-Cafe_Zola-Ann_Arbor_Michigan.html,no,
13,The Chop House,http://tripadvisor.com/Restaurant_Review-g29556-d416793-Reviews-The_Chop_House-Ann_Arbor_Michigan.html,no,
14,Gratzi,http://tripadvisor.com/Restaurant_Review-g29556-d416769-Reviews-Gratzi-Ann_Arbor_Michigan.html,no,
15,Jerusalem Garden,http://tripadvisor.com/Restaurant_Review-g29556-d416845-Reviews-Jerusalem_Garden-Ann_Arbor_Michigan.html,no,
16,Aventura Ann Arbor,http://tripadvisor.com/Restaurant_Review-g29556-d5075197-Reviews-Aventura_Ann_Arbor-Ann_Arbor_Michigan.html,no,
17,The Lunch Room,http://tripadvisor.com/Restaurant_Review-g29556-d4982890-Reviews-The_Lunch_Room-Ann_Arbor_Michigan.html,no,
18,Isalita,http://tripadvisor.com/Restaurant_Review-g29556-d3742032-Reviews-Isalita-Ann_Arbor_Michigan.html,no,
19,Vinology,http://tripadvisor.com/Restaurant_Review-g29556-d1035778-Reviews-Vinology-Ann_Arbor_Michigan.html,no,
20,Real Seafood Co.,http://tripadvisor.com/Restaurant_Review-g29556-d416770-Reviews-Real_Seafood_Co-Ann_Arbor_Michigan.html,no,
21,Mediterrano,http://tripadvisor.com/Restaurant_Review-g29556-d416935-Reviews-Mediterrano-Ann_Arbor_Michigan.html,no,
22,Cardamom,http://tripadvisor.com/Restaurant_Review-g29556-d4309168-Reviews-Cardamom-Ann_Arbor_Michigan.html,no,
23,NeoPapalis,http://tripadvisor.com/Restaurant_Review-g29556-d3656128-Reviews-NeoPapalis-Ann_Arbor_Michigan.html,no,
24,Palm Palace Restaurant,http://tripadvisor.com/Restaurant_Review-g29556-d1478495-Reviews-Palm_Palace_Restaurant-Ann_Arbor_Michigan.html,no,
25,West End Grill,http://tripadvisor.com/Restaurant_Review-g29556-d510677-Reviews-West_End_Grill-Ann_Arbor_Michigan.html,no,
26,Afternoon Delight,http://tripadvisor.com/Restaurant_Review-g29556-d416843-Reviews-Afternoon_Delight-Ann_Arbor_Michigan.html,no,
27,Knight's Steak House,http://tripadvisor.com/Restaurant_Review-g29556-d416763-Reviews-Knight_s_Steak_House-Ann_Arbor_Michigan.html,no,
28,Logan,http://tripadvisor.com/Restaurant_Review-g29556-d802247-Reviews-Logan-Ann_Arbor_Michigan.html,no,
29,Paesano's,http://tripadvisor.com/Restaurant_Review-g29556-d3864076-Reviews-Paesano_s-Ann_Arbor_Michigan.html,no,
30,The Black Pearl Seafood and Martini Bar,http://tripadvisor.com/Restaurant_Review-g29556-d1625565-Reviews-The_Black_Pearl_Seafood_and_Martini_Bar-Ann_Arbor_Michigan.html,no,
31,Seva Restaurant,http://tripadvisor.com/Restaurant_Review-g29556-d416779-Reviews-Seva_Restaurant-Ann_Arbor_Michigan.html,no,
32,HopCat,http://tripadvisor.com/Restaurant_Review-g29556-d7716084-Reviews-HopCat-Ann_Arbor_Michigan.html,no,
33,Pizza House,http://tripadvisor.com/Restaurant_Review-g29556-d416784-Reviews-Pizza_House-Ann_Arbor_Michigan.html,no,
34,The Quarter Bistro,http://tripadvisor.com/Restaurant_Review-g29556-d1232462-Reviews-The_Quarter_Bistro-Ann_Arbor_Michigan.html,no,
35,Red Hawk Bar & Grill,http://tripadvisor.com/Restaurant_Review-g29556-d416852-Reviews-Red_Hawk_Bar_Grill-Ann_Arbor_Michigan.html,no,
36,Carlyle Grill,http://tripadvisor.com/Restaurant_Review-g29556-d1134883-Reviews-Carlyle_Grill-Ann_Arbor_Michigan.html,no,
37,Blue Tractor,http://tripadvisor.com/Restaurant_Review-g29556-d1444607-Reviews-Blue_Tractor-Ann_Arbor_Michigan.html,no,
38,Bigalora Wood Fired Cucina,http://tripadvisor.com/Restaurant_Review-g29556-d6452086-Reviews-Bigalora_Wood_Fired_Cucina-Ann_Arbor_Michigan.html,no,
39,Casey's Tavern,http://tripadvisor.com/Restaurant_Review-g29556-d793374-Reviews-Casey_s_Tavern-Ann_Arbor_Michigan.html,no,
40,Knights Restaurant,http://tripadvisor.com/Restaurant_Review-g29556-d6594502-Reviews-Knights_Restaurant-Ann_Arbor_Michigan.html,no,
41,The Earle Restaurant,http://tripadvisor.com/Restaurant_Review-g29556-d416767-Reviews-The_Earle_Restaurant-Ann_Arbor_Michigan.html,no,
42,Weber's Restaurant,http://tripadvisor.com/Restaurant_Review-g29556-d539709-Reviews-Weber_s_Restaurant-Ann_Arbor_Michigan.html,no,
43,Melange,http://tripadvisor.com/Restaurant_Review-g29556-d1312549-Reviews-Melange-Ann_Arbor_Michigan.html,no,
44,Slurping Turtle,http://tripadvisor.com/Restaurant_Review-g29556-d6627532-Reviews-Slurping_Turtle-Ann_Arbor_Michigan.html,no,
45,Angelo's Restaurant,http://tripadvisor.com/Restaurant_Review-g29556-d416850-Reviews-Angelo_s_Restaurant-Ann_Arbor_Michigan.html,no,
46,Carson's American Bistro,http://tripadvisor.com/Restaurant_Review-g29556-d1134886-Reviews-Carson_s_American_Bistro-Ann_Arbor_Michigan.html,no,
47,Arbor Brewing Company,http://tripadvisor.com/Restaurant_Review-g29556-d416914-Reviews-Arbor_Brewing_Company-Ann_Arbor_Michigan.html,no,
48,Wolverine State Brewing Co.,http://tripadvisor.com/Restaurant_Review-g29556-d6939300-Reviews-Wolverine_State_Brewing_Co-Ann_Arbor_Michigan.html,no,
49,Taste Kitchen,http://tripadvisor.com/Restaurant_Review-g29556-d7821307-Reviews-Taste_Kitchen-Ann_Arbor_Michigan.html,no,
50,Zamaan Cafe,http://tripadvisor.com/Restaurant_Review-g29556-d2454898-Reviews-Zamaan_Cafe-Ann_Arbor_Michigan.html,no,
51,Cottage Inn Pizza,http://tripadvisor.com/Restaurant_Review-g29556-d417114-Reviews-Cottage_Inn_Pizza-Ann_Arbor_Michigan.html,no,
52,Palio,http://tripadvisor.com/Restaurant_Review-g29556-d416776-Reviews-Palio-Ann_Arbor_Michigan.html,no,
53,Grange Kitchen and Bar,http://tripadvisor.com/Restaurant_Review-g29556-d1519744-Reviews-Grange_Kitchen_and_Bar-Ann_Arbor_Michigan.html,no,
54,Mezzevino,http://tripadvisor.com/Restaurant_Review-g29556-d6868905-Reviews-Mezzevino-Ann_Arbor_Michigan.html,no,
55,Elevation Burger Ann Arbor - Washtenaw,http://tripadvisor.com/Restaurant_Review-g29556-d4833820-Reviews-Elevation_Burger_Ann_Arbor_Washtenaw-Ann_Arbor_Michigan.html,no,
56,Bill's Beer Garden,http://tripadvisor.com/Restaurant_Review-g29556-d3609191-Reviews-Bill_s_Beer_Garden-Ann_Arbor_Michigan.html,no,
57,Eve Restaurant,http://tripadvisor.com/Restaurant_Review-g29556-d8854581-Reviews-Eve_Restaurant-Ann_Arbor_Michigan.html,no,
58,Shalimar Restaurant,http://tripadvisor.com/Restaurant_Review-g29556-d416839-Reviews-Shalimar_Restaurant-Ann_Arbor_Michigan.html,no,
59,Olive Garden,http://tripadvisor.com/Restaurant_Review-g29556-d416960-Reviews-Olive_Garden-Ann_Arbor_Michigan.html,no,
60,Ruth's Chris Steak House,http://tripadvisor.com/Restaurant_Review-g29556-d8297859-Reviews-Ruth_s_Chris_Steak_House-Ann_Arbor_Michigan.html,no,
61,Bd's Mongolian Grill,http://tripadvisor.com/Restaurant_Review-g29556-d416792-Reviews-Bd_s_Mongolian_Grill-Ann_Arbor_Michigan.html,no,
62,Banditos,http://tripadvisor.com/Restaurant_Review-g29556-d416919-Reviews-Banditos-Ann_Arbor_Michigan.html,no,
63,Songbird Cafe,http://tripadvisor.com/Restaurant_Review-g29556-d3579388-Reviews-Songbird_Cafe-Ann_Arbor_Michigan.html,no,
64,The Ravens Club,http://tripadvisor.com/Restaurant_Review-g29556-d2136891-Reviews-The_Ravens_Club-Ann_Arbor_Michigan.html,no,
65,Seoul Garden,http://tripadvisor.com/Restaurant_Review-g29556-d416832-Reviews-Seoul_Garden-Ann_Arbor_Michigan.html,no,
66,Conor O'Neill's Traditional,http://tripadvisor.com/Restaurant_Review-g29556-d510463-Reviews-Conor_O_Neill_s_Traditional-Ann_Arbor_Michigan.html,no,
67,Krazy Jim's Blimpy Burger,http://tripadvisor.com/Restaurant_Review-g29556-d416894-Reviews-Krazy_Jim_s_Blimpy_Burger-Ann_Arbor_Michigan.html,no,
68,Northside Grill,http://tripadvisor.com/Restaurant_Review-g29556-d416941-Reviews-Northside_Grill-Ann_Arbor_Michigan.html,no,
69,Ashley's Ann Arbor,http://tripadvisor.com/Restaurant_Review-g29556-d510360-Reviews-Ashley_s_Ann_Arbor-Ann_Arbor_Michigan.html,no,
70,Back2Roots Bistro,http://tripadvisor.com/Restaurant_Review-g29556-d8590802-Reviews-Back2Roots_Bistro-Ann_Arbor_Michigan.html,no,
71,Classic Cup Cafe,http://tripadvisor.com/Restaurant_Review-g29556-d4440612-Reviews-Classic_Cup_Cafe-Ann_Arbor_Michigan.html,no,
72,Amadeus Cafe & Restaurant,http://tripadvisor.com/Restaurant_Review-g29556-d416915-Reviews-Amadeus_Cafe_Restaurant-Ann_Arbor_Michigan.html,no,
73,Ayse's Turkish Cafe,http://tripadvisor.com/Restaurant_Review-g29556-d416805-Reviews-Ayse_s_Turkish_Cafe-Ann_Arbor_Michigan.html,no,
74,Nick's Original House of Pancakes,http://tripadvisor.com/Restaurant_Review-g29556-d2142696-Reviews-Nick_s_Original_House_of_Pancakes-Ann_Arbor_Michigan.html,no,
75,Hut-K Chaats,http://tripadvisor.com/Restaurant_Review-g29556-d2329168-Reviews-Hut_K_Chaats-Ann_Arbor_Michigan.html,no,
76,Chela's Restaurant and Taqueria,http://tripadvisor.com/Restaurant_Review-g29556-d3420430-Reviews-Chela_s_Restaurant_and_Taqueria-Ann_Arbor_Michigan.html,no,
77,Fleetwood Diner,http://tripadvisor.com/Restaurant_Review-g29556-d510479-Reviews-Fleetwood_Diner-Ann_Arbor_Michigan.html,no,
78,Prickly Pear Southwest Cafe,http://tripadvisor.com/Restaurant_Review-g29556-d549175-Reviews-Prickly_Pear_Southwest_Cafe-Ann_Arbor_Michigan.html,no,
79,Texas Roadhouse,http://tripadvisor.com/Restaurant_Review-g29556-d9880136-Reviews-Texas_Roadhouse-Ann_Arbor_Michigan.html,no,
80,Juicy Kitchen,http://tripadvisor.com/Restaurant_Review-g29556-d4413643-Reviews-Juicy_Kitchen-Ann_Arbor_Michigan.html,no,
81,Plum Market,http://tripadvisor.com/Restaurant_Review-g29556-d8439158-Reviews-Plum_Market-Ann_Arbor_Michigan.html,no,
82,V Kitchen,http://tripadvisor.com/Restaurant_Review-g29556-d8737827-Reviews-V_Kitchen-Ann_Arbor_Michigan.html,no,
83,Red Robin Gourmet Burgers,http://tripadvisor.com/Restaurant_Review-g29556-d3541176-Reviews-Red_Robin_Gourmet_Burgers-Ann_Arbor_Michigan.html,no,
84,Holiday's Restaurant,http://tripadvisor.com/Restaurant_Review-g29556-d417062-Reviews-Holiday_s_Restaurant-Ann_Arbor_Michigan.html,no,
85,Exotic Cuisine & Bakeries,http://tripadvisor.com/Restaurant_Review-g29556-d7236194-Reviews-Exotic_Cuisine_Bakeries-Ann_Arbor_Michigan.html,no,
86,The Beer Grotto,http://tripadvisor.com/Restaurant_Review-g29556-d7784870-Reviews-The_Beer_Grotto-Ann_Arbor_Michigan.html,no,
87,Yotsuba Japanese Restaurant,http://tripadvisor.com/Restaurant_Review-g29556-d416860-Reviews-Yotsuba_Japanese_Restaurant-Ann_Arbor_Michigan.html,no,
88,TMAZ Taqueria,http://tripadvisor.com/Restaurant_Review-g29556-d3187761-Reviews-TMAZ_Taqueria-Ann_Arbor_Michigan.html,no,
89,Bell's Diner,http://tripadvisor.com/Restaurant_Review-g29556-d416949-Reviews-Bell_s_Diner-Ann_Arbor_Michigan.html,no,
90,California Pizza Kitchen,http://tripadvisor.com/Restaurant_Review-g29556-d416950-Reviews-California_Pizza_Kitchen-Ann_Arbor_Michigan.html,no,
91,Big Boy,http://tripadvisor.com/Restaurant_Review-g29556-d4339581-Reviews-Big_Boy-Ann_Arbor_Michigan.html,no,
92,suvai palace,http://tripadvisor.com/Restaurant_Review-g29556-d7272064-Reviews-Suvai_palace-Ann_Arbor_Michigan.html,no,
93,Pilar's Tamales,http://tripadvisor.com/Restaurant_Review-g29556-d2354562-Reviews-Pilar_s_Tamales-Ann_Arbor_Michigan.html,no,
94,Bewon,http://tripadvisor.com/Restaurant_Review-g29556-d416968-Reviews-Bewon-Ann_Arbor_Michigan.html,no,
95,Mark's Mid-Town Coney Island,http://tripadvisor.com/Restaurant_Review-g29556-d416964-Reviews-Mark_s_Mid_Town_Coney_Island-Ann_Arbor_Michigan.html,no,
96,Los Amigos Restaurant & Cantina,http://tripadvisor.com/Restaurant_Review-g29556-d2653908-Reviews-Los_Amigos_Restaurant_Cantina-Ann_Arbor_Michigan.html,no,
97,The Pretzel Bell,http://tripadvisor.com/Restaurant_Review-g29556-d10186823-Reviews-The_Pretzel_Bell-Ann_Arbor_Michigan.html,no,
98,Ichiban Japanese Steakhouse & Sushi Bar,http://tripadvisor.com/Restaurant_Review-g29556-d2162107-Reviews-Ichiban_Japanese_Steakhouse_Sushi_Bar-Ann_Arbor_Michigan.html,no,
99,Monahan's Seafood Market,http://tripadvisor.com/Restaurant_Review-g29556-d2249398-Reviews-Monahan_s_Seafood_Market-Ann_Arbor_Michigan.html,no,
100,Cafe Felix,http://tripadvisor.com/Restaurant_Review-g29556-d416771-Reviews-Cafe_Felix-Ann_Arbor_Michigan.html,no,
101,Aut Bar,http://tripadvisor.com/Restaurant_Review-g29556-d510366-Reviews-Aut_Bar-Ann_Arbor_Michigan.html,no,
102,Blue Nile of Ann Arbor,http://tripadvisor.com/Restaurant_Review-g29556-d416811-Reviews-Blue_Nile_of_Ann_Arbor-Ann_Arbor_Michigan.html,no,
103,Red Lobster,http://tripadvisor.com/Restaurant_Review-g29556-d416975-Reviews-Red_Lobster-Ann_Arbor_Michigan.html,no,
104,Whole Foods Market,http://tripadvisor.com/Restaurant_Review-g29556-d7618873-Reviews-Whole_Foods_Market-Ann_Arbor_Michigan.html,no,
105,Broken Egg,http://tripadvisor.com/Restaurant_Review-g29556-d416943-Reviews-Broken_Egg-Ann_Arbor_Michigan.html,no,
106,El Harissa Market Cafe,http://tripadvisor.com/Restaurant_Review-g29556-d5502554-Reviews-El_Harissa_Market_Cafe-Ann_Arbor_Michigan.html,no,
107,Godaiko Japanese Restaurant,http://tripadvisor.com/Restaurant_Review-g29556-d416766-Reviews-Godaiko_Japanese_Restaurant-Ann_Arbor_Michigan.html,no,
108,Bagger Dave's,http://tripadvisor.com/Restaurant_Review-g29556-d1315039-Reviews-Bagger_Dave_s-Ann_Arbor_Michigan.html,no,
109,Madras Masala,http://tripadvisor.com/Restaurant_Review-g29556-d782029-Reviews-Madras_Masala-Ann_Arbor_Michigan.html,no,
110,Don Juan Mexican Bar & Grill,http://tripadvisor.com/Restaurant_Review-g29556-d4938712-Reviews-Don_Juan_Mexican_Bar_Grill-Ann_Arbor_Michigan.html,no,
111,Potbelly Sandwich Works,http://tripadvisor.com/Restaurant_Review-g29556-d951604-Reviews-Potbelly_Sandwich_Works-Ann_Arbor_Michigan.html,no,
112,Tios Mexican Cafe,http://tripadvisor.com/Restaurant_Review-g29556-d416816-Reviews-Tios_Mexican_Cafe-Ann_Arbor_Michigan.html,no,
113,Sweetwater Cafe's,http://tripadvisor.com/Restaurant_Review-g29556-d416874-Reviews-Sweetwater_Cafe_s-Ann_Arbor_Michigan.html,no,
114,Spencer,http://tripadvisor.com/Restaurant_Review-g29556-d9809950-Reviews-Spencer-Ann_Arbor_Michigan.html,no,
115,SIAM Square,http://tripadvisor.com/Restaurant_Review-g29556-d416831-Reviews-SIAM_Square-Ann_Arbor_Michigan.html,no,
116,TK Wu,http://tripadvisor.com/Restaurant_Review-g29556-d793006-Reviews-TK_Wu-Ann_Arbor_Michigan.html,no,
117,Applebee's,http://tripadvisor.com/Restaurant_Review-g29556-d416963-Reviews-Applebee_s-Ann_Arbor_Michigan.html,no,
118,Mezes Greek Grill,http://tripadvisor.com/Restaurant_Review-g29556-d7887265-Reviews-Mezes_Greek_Grill-Ann_Arbor_Michigan.html,no,
119,Bravo Cucina Italiana,http://tripadvisor.com/Restaurant_Review-g29556-d7330756-Reviews-Bravo_Cucina_Italiana-Ann_Arbor_Michigan.html,no,
120,Anthony's Gourmet Pizza,http://tripadvisor.com/Restaurant_Review-g29556-d416945-Reviews-Anthony_s_Gourmet_Pizza-Ann_Arbor_Michigan.html,no,
121,Earthen Jar,http://tripadvisor.com/Restaurant_Review-g29556-d416924-Reviews-Earthen_Jar-Ann_Arbor_Michigan.html,no,
122,Zola Bistro,http://tripadvisor.com/Restaurant_Review-g29556-d5021386-Reviews-Zola_Bistro-Ann_Arbor_Michigan.html,no,
123,P.F. Chang's,http://tripadvisor.com/Restaurant_Review-g29556-d7376335-Reviews-P_F_Chang_s-Ann_Arbor_Michigan.html,no,
124,Sadako,http://tripadvisor.com/Restaurant_Review-g29556-d1118496-Reviews-Sadako-Ann_Arbor_Michigan.html,no,
125,Dominick's,http://tripadvisor.com/Restaurant_Review-g29556-d510468-Reviews-Dominick_s-Ann_Arbor_Michigan.html,no,
126,Argiero's Italian Restaurant,http://tripadvisor.com/Restaurant_Review-g29556-d416806-Reviews-Argiero_s_Italian_Restaurant-Ann_Arbor_Michigan.html,no,
127,Chili's Grill & Bar,http://tripadvisor.com/Restaurant_Review-g29556-d416954-Reviews-Chili_s_Grill_Bar-Ann_Arbor_Michigan.html,no,
128,Bruegger's,http://tripadvisor.com/Restaurant_Review-g29556-d4717292-Reviews-Bruegger_s-Ann_Arbor_Michigan.html,no,
129,Gourmet Garden,http://tripadvisor.com/Restaurant_Review-g29556-d416822-Reviews-Gourmet_Garden-Ann_Arbor_Michigan.html,no,
130,Bob Evans,http://tripadvisor.com/Restaurant_Review-g29556-d417058-Reviews-Bob_Evans-Ann_Arbor_Michigan.html,no,
131,Salads UP,http://tripadvisor.com/Restaurant_Review-g29556-d8759509-Reviews-Salads_UP-Ann_Arbor_Michigan.html,no,
132,Benny's Family Dining,http://tripadvisor.com/Restaurant_Review-g29556-d416927-Reviews-Benny_s_Family_Dining-Ann_Arbor_Michigan.html,no,
133,Evergreen Restaurant,http://tripadvisor.com/Restaurant_Review-g29556-d416861-Reviews-Evergreen_Restaurant-Ann_Arbor_Michigan.html,no,
134,Sushi Town,http://tripadvisor.com/Restaurant_Review-g29556-d3717512-Reviews-Sushi_Town-Ann_Arbor_Michigan.html,no,
135,Graham's Restaurant,http://tripadvisor.com/Restaurant_Review-g29556-d416953-Reviews-Graham_s_Restaurant-Ann_Arbor_Michigan.html,no,
136,Ali-Baba,http://tripadvisor.com/Restaurant_Review-g29556-d416855-Reviews-Ali_Baba-Ann_Arbor_Michigan.html,no,
137,Uptown Coney Island,http://tripadvisor.com/Restaurant_Review-g29556-d417099-Reviews-Uptown_Coney_Island-Ann_Arbor_Michigan.html,no,
138,Amer's Delicatessen,http://tripadvisor.com/Restaurant_Review-g29556-d416898-Reviews-Amer_s_Delicatessen-Ann_Arbor_Michigan.html,no,
139,Pizza Bob's,http://tripadvisor.com/Restaurant_Review-g29556-d416901-Reviews-Pizza_Bob_s-Ann_Arbor_Michigan.html,no,
140,Kosmo,http://tripadvisor.com/Restaurant_Review-g29556-d417055-Reviews-Kosmo-Ann_Arbor_Michigan.html,no,
141,Mark's Mid-Town Coney Island,http://tripadvisor.com/Restaurant_Review-g29556-d417059-Reviews-Mark_s_Mid_Town_Coney_Island-Ann_Arbor_Michigan.html,no,
142,The Old Siam By Siam Kitchen,http://tripadvisor.com/Restaurant_Review-g29556-d416803-Reviews-The_Old_Siam_By_Siam_Kitchen-Ann_Arbor_Michigan.html,no,
143,Satchel's BBQ,http://tripadvisor.com/Restaurant_Review-g29556-d2249399-Reviews-Satchel_s_BBQ-Ann_Arbor_Michigan.html,no,
144,Romano's Macaroni Grill,http://tripadvisor.com/Restaurant_Review-g29556-d416867-Reviews-Romano_s_Macaroni_Grill-Ann_Arbor_Michigan.html,no,
145,Silvio's Organic Pizza,http://tripadvisor.com/Restaurant_Review-g29556-d790516-Reviews-Silvio_s_Organic_Pizza-Ann_Arbor_Michigan.html,no,
146,Jamaican Jerk Pit,http://tripadvisor.com/Restaurant_Review-g29556-d2689937-Reviews-Jamaican_Jerk_Pit-Ann_Arbor_Michigan.html,no,
147,Noodles & Company,http://tripadvisor.com/Restaurant_Review-g29556-d1478490-Reviews-Noodles_Company-Ann_Arbor_Michigan.html,no,
148,Seoul Street,http://tripadvisor.com/Restaurant_Review-g29556-d2355868-Reviews-Seoul_Street-Ann_Arbor_Michigan.html,no,
149,Ron's Roadside Barbeque,http://tripadvisor.com/Restaurant_Review-g29556-d1897808-Reviews-Ron_s_Roadside_Barbeque-Ann_Arbor_Michigan.html,no,
150,White Castle,http://tripadvisor.com/Restaurant_Review-g29556-d4976692-Reviews-White_Castle-Ann_Arbor_Michigan.html,no,
151,Panera Bread,http://tripadvisor.com/Restaurant_Review-g29556-d416814-Reviews-Panera_Bread-Ann_Arbor_Michigan.html,no,
152,Totoro,http://tripadvisor.com/Restaurant_Review-g29556-d417039-Reviews-Totoro-Ann_Arbor_Michigan.html,no,
153,Foods Of India,http://tripadvisor.com/Restaurant_Review-g29556-d4312935-Reviews-Foods_Of_India-Ann_Arbor_Michigan.html,no,
154,Arirang Restaurant,http://tripadvisor.com/Restaurant_Review-g29556-d4688546-Reviews-Arirang_Restaurant-Ann_Arbor_Michigan.html,no,
155,Sushi.com,http://tripadvisor.com/Restaurant_Review-g29556-d416853-Reviews-Sushi_com-Ann_Arbor_Michigan.html,no,
156,Banfield's Bar And Grill,http://tripadvisor.com/Restaurant_Review-g29556-d417044-Reviews-Banfield_s_Bar_And_Grill-Ann_Arbor_Michigan.html,no,
157,Mikette Bistro & Bar,http://tripadvisor.com/Restaurant_Review-g29556-d10724467-Reviews-Mikette_Bistro_Bar-Ann_Arbor_Michigan.html,no,
158,Tuptim Thai Cuisine,http://tripadvisor.com/Restaurant_Review-g29556-d416788-Reviews-Tuptim_Thai_Cuisine-Ann_Arbor_Michigan.html,no,
159,Ahmo's Gyros & Deli,http://tripadvisor.com/Restaurant_Review-g29556-d416837-Reviews-Ahmo_s_Gyros_Deli-Ann_Arbor_Michigan.html,no,
160,Sweet Heather Anne,http://tripadvisor.com/Restaurant_Review-g29556-d5007671-Reviews-Sweet_Heather_Anne-Ann_Arbor_Michigan.html,no,
161,Which Wich Superior Sandwiches,http://tripadvisor.com/Restaurant_Review-g29556-d8630751-Reviews-Which_Wich_Superior_Sandwiches-Ann_Arbor_Michigan.html,no,
162,Paradise,http://tripadvisor.com/Restaurant_Review-g29556-d416952-Reviews-Paradise-Ann_Arbor_Michigan.html,no,
163,BurgerFi,http://tripadvisor.com/Restaurant_Review-g29556-d5028234-Reviews-BurgerFi-Ann_Arbor_Michigan.html,no,
164,Little Caesars,http://tripadvisor.com/Restaurant_Review-g29556-d4809814-Reviews-Little_Caesars-Ann_Arbor_Michigan.html,no,
165,Olga's Kitchen,http://tripadvisor.com/Restaurant_Review-g29556-d1518969-Reviews-Olga_s_Kitchen-Ann_Arbor_Michigan.html,no,
166,Bar Louie,http://tripadvisor.com/Restaurant_Review-g29556-d2433696-Reviews-Bar_Louie-Ann_Arbor_Michigan.html,no,
167,Espresso Royale,http://tripadvisor.com/Restaurant_Review-g29556-d4974676-Reviews-Espresso_Royale-Ann_Arbor_Michigan.html,no,
168,Babo Market,http://tripadvisor.com/Restaurant_Review-g29556-d8499520-Reviews-Babo_Market-Ann_Arbor_Michigan.html,no,
169,Cottage Inn Pizza,http://tripadvisor.com/Restaurant_Review-g29556-d4281454-Reviews-Cottage_Inn_Pizza-Ann_Arbor_Michigan.html,no,
170,Chia Shiang Restaurant,http://tripadvisor.com/Restaurant_Review-g29556-d416851-Reviews-Chia_Shiang_Restaurant-Ann_Arbor_Michigan.html,no,
171,Maize N Blue Deli,http://tripadvisor.com/Restaurant_Review-g29556-d416786-Reviews-Maize_N_Blue_Deli-Ann_Arbor_Michigan.html,no,
172,Panera Bread,http://tripadvisor.com/Restaurant_Review-g29556-d3717269-Reviews-Panera_Bread-Ann_Arbor_Michigan.html,no,
173,Grillcheezerie,http://tripadvisor.com/Restaurant_Review-g29556-d8750305-Reviews-Grillcheezerie-Ann_Arbor_Michigan.html,no,
174,Broadway Cafe & Jumbo Steak Hoagie,http://tripadvisor.com/Restaurant_Review-g29556-d539707-Reviews-Broadway_Cafe_Jumbo_Steak_Hoagie-Ann_Arbor_Michigan.html,no,
175,Star's Cafe,http://tripadvisor.com/Restaurant_Review-g29556-d1519175-Reviews-Star_s_Cafe-Ann_Arbor_Michigan.html,no,
176,Pieology Pizzeria,http://tripadvisor.com/Restaurant_Review-g29556-d8442384-Reviews-Pieology_Pizzeria-Ann_Arbor_Michigan.html,no,
177,Biercamp,http://tripadvisor.com/Restaurant_Review-g29556-d4481016-Reviews-Biercamp-Ann_Arbor_Michigan.html,no,
178,Miki Japanese Cuisine and Sushi Bar,http://tripadvisor.com/Restaurant_Review-g29556-d416773-Reviews-Miki_Japanese_Cuisine_and_Sushi_Bar-Ann_Arbor_Michigan.html,no,
179,Ginger Deli,http://tripadvisor.com/Restaurant_Review-g29556-d6783655-Reviews-Ginger_Deli-Ann_Arbor_Michigan.html,no,
180,Belly Deli,http://tripadvisor.com/Restaurant_Review-g29556-d4206482-Reviews-Belly_Deli-Ann_Arbor_Michigan.html,no,
181,Chipotle Mexican Grill,http://tripadvisor.com/Restaurant_Review-g29556-d4228421-Reviews-Chipotle_Mexican_Grill-Ann_Arbor_Michigan.html,no,
182,Mark's Carts,http://tripadvisor.com/Restaurant_Review-g29556-d2699124-Reviews-Mark_s_Carts-Ann_Arbor_Michigan.html,no,
183,Little Caeser's,http://tripadvisor.com/Restaurant_Review-g29556-d4875573-Reviews-Little_Caeser_s-Ann_Arbor_Michigan.html,no,
184,Tienda La Libertad,http://tripadvisor.com/Restaurant_Review-g29556-d4744602-Reviews-Tienda_La_Libertad-Ann_Arbor_Michigan.html,no,
185,Subway,http://tripadvisor.com/Restaurant_Review-g29556-d5092724-Reviews-Subway-Ann_Arbor_Michigan.html,no,
186,Hungry Howie's Pizza Ann Arbor MI,http://tripadvisor.com/Restaurant_Review-g29556-d5099008-Reviews-Hungry_Howie_s_Pizza_Ann_Arbor_MI-Ann_Arbor_Michigan.html,no,
187,The Den,http://tripadvisor.com/Restaurant_Review-g29556-d5563576-Reviews-The_Den-Ann_Arbor_Michigan.html,no,
188,Domino's Pizza,http://tripadvisor.com/Restaurant_Review-g29556-d4254914-Reviews-Domino_s_Pizza-Ann_Arbor_Michigan.html,no,
189,Fire House Subs,http://tripadvisor.com/Restaurant_Review-g29556-d4346449-Reviews-Fire_House_Subs-Ann_Arbor_Michigan.html,no,
190,Domino's Pizza,http://tripadvisor.com/Restaurant_Review-g29556-d5084031-Reviews-Domino_s_Pizza-Ann_Arbor_Michigan.html,no,
191,Roly Poly,http://tripadvisor.com/Restaurant_Review-g29556-d3929302-Reviews-Roly_Poly-Ann_Arbor_Michigan.html,no,
192,Ann Arbor Country Club,http://tripadvisor.com/Restaurant_Review-g29556-d5032717-Reviews-Ann_Arbor_Country_Club-Ann_Arbor_Michigan.html,no,
193,Papa John's,http://tripadvisor.com/Restaurant_Review-g29556-d5082217-Reviews-Papa_John_s-Ann_Arbor_Michigan.html,no,
194,Mary's Fabulous Chicken,http://tripadvisor.com/Restaurant_Review-g29556-d3256809-Reviews-Mary_s_Fabulous_Chicken-Ann_Arbor_Michigan.html,no,
195,Stucchi's,http://tripadvisor.com/Restaurant_Review-g29556-d5091827-Reviews-Stucchi_s-Ann_Arbor_Michigan.html,no,
196,Mr. Pizza and The Burrito Joint,http://tripadvisor.com/Restaurant_Review-g29556-d4245226-Reviews-Mr_Pizza_and_The_Burrito_Joint-Ann_Arbor_Michigan.html,no,
197,Liv Wellness & Cafe,http://tripadvisor.com/Restaurant_Review-g29556-d8695920-Reviews-Liv_Wellness_Cafe-Ann_Arbor_Michigan.html,no,
198,Stadium Deli & Wine Shop,http://tripadvisor.com/Restaurant_Review-g29556-d417037-Reviews-Stadium_Deli_Wine_Shop-Ann_Arbor_Michigan.html,no,
199,The Back Alley Gourmet,http://tripadvisor.com/Restaurant_Review-g29556-d4929994-Reviews-The_Back_Alley_Gourmet-Ann_Arbor_Michigan.html,no,
200,Baxters Wine Shop Deli & Bkry,http://tripadvisor.com/Restaurant_Review-g29556-d417004-Reviews-Baxters_Wine_Shop_Deli_Bkry-Ann_Arbor_Michigan.html,no,
201,Domino's Pizza,http://tripadvisor.com/Restaurant_Review-g29556-d5005159-Reviews-Domino_s_Pizza-Ann_Arbor_Michigan.html,no,
202,State Street Deli,http://tripadvisor.com/Restaurant_Review-g29556-d416934-Reviews-State_Street_Deli-Ann_Arbor_Michigan.html,no,
203,Ahmo's Mediterranean Grill,http://tripadvisor.com/Restaurant_Review-g29556-d7699208-Reviews-Ahmo_s_Mediterranean_Grill-Ann_Arbor_Michigan.html,no,
204,Big Boy,http://tripadvisor.com/Restaurant_Review-g29556-d5077629-Reviews-Big_Boy-Ann_Arbor_Michigan.html,no,
205,Arena,http://tripadvisor.com/Restaurant_Review-g29556-d416920-Reviews-Arena-Ann_Arbor_Michigan.html,no,
206,Jefferson Market,http://tripadvisor.com/Restaurant_Review-g29556-d416938-Reviews-Jefferson_Market-Ann_Arbor_Michigan.html,no,
207,Haifa Falafel,http://tripadvisor.com/Restaurant_Review-g29556-d1497780-Reviews-Haifa_Falafel-Ann_Arbor_Michigan.html,no,
208,Good Time Charley's,http://tripadvisor.com/Restaurant_Review-g29556-d416783-Reviews-Good_Time_Charley_s-Ann_Arbor_Michigan.html,no,
209,Michael's Chop House,http://tripadvisor.com/Restaurant_Review-g29556-d416804-Reviews-Michael_s_Chop_House-Ann_Arbor_Michigan.html,no,
210,No Thai,http://tripadvisor.com/Restaurant_Review-g29556-d4748482-Reviews-No_Thai-Ann_Arbor_Michigan.html,no,
211,Angelo's On The Side,http://tripadvisor.com/Restaurant_Review-g29556-d416896-Reviews-Angelo_s_On_The_Side-Ann_Arbor_Michigan.html,no,
212,Orange Leaf Ann Arbor,http://tripadvisor.com/Restaurant_Review-g29556-d5209642-Reviews-Orange_Leaf_Ann_Arbor-Ann_Arbor_Michigan.html,no,
213,King Shing,http://tripadvisor.com/Restaurant_Review-g29556-d4681065-Reviews-King_Shing-Ann_Arbor_Michigan.html,no,
214,Pita Kabob Grill,http://tripadvisor.com/Restaurant_Review-g29556-d3716723-Reviews-Pita_Kabob_Grill-Ann_Arbor_Michigan.html,no,
215,Curry On,http://tripadvisor.com/Restaurant_Review-g29556-d3525208-Reviews-Curry_On-Ann_Arbor_Michigan.html,no,
216,Jimmy John's,http://tripadvisor.com/Restaurant_Review-g29556-d4082358-Reviews-Jimmy_John_s-Ann_Arbor_Michigan.html,no,
217,Five Guys,http://tripadvisor.com/Restaurant_Review-g29556-d2216293-Reviews-Five_Guys-Ann_Arbor_Michigan.html,no,
218,Blue Leprechaun,http://tripadvisor.com/Restaurant_Review-g29556-d4281070-Reviews-Blue_Leprechaun-Ann_Arbor_Michigan.html,no,
219,Lab Cafe,http://tripadvisor.com/Restaurant_Review-g29556-d4641916-Reviews-Lab_Cafe-Ann_Arbor_Michigan.html,no,
220,Frank's Restaurant,http://tripadvisor.com/Restaurant_Review-g29556-d416890-Reviews-Frank_s_Restaurant-Ann_Arbor_Michigan.html,no,
221,aMa Bistro,http://tripadvisor.com/Restaurant_Review-g29556-d8056375-Reviews-AMa_Bistro-Ann_Arbor_Michigan.html,no,
222,Denny's,http://tripadvisor.com/Restaurant_Review-g29556-d417049-Reviews-Denny_s-Ann_Arbor_Michigan.html,no,
223,Roger Monks,http://tripadvisor.com/Restaurant_Review-g29556-d416886-Reviews-Roger_Monks-Ann_Arbor_Michigan.html,no,
224,Marnee Thai - Ann Arbor,http://tripadvisor.com/Restaurant_Review-g29556-d2058385-Reviews-Marnee_Thai_Ann_Arbor-Ann_Arbor_Michigan.html,no,
225,Victors At The Campus Inn,http://tripadvisor.com/Restaurant_Review-g29556-d416925-Reviews-Victors_At_The_Campus_Inn-Ann_Arbor_Michigan.html,no,
226,Taco King,http://tripadvisor.com/Restaurant_Review-g29556-d3627886-Reviews-Taco_King-Ann_Arbor_Michigan.html,no,
227,Applebee's,http://tripadvisor.com/Restaurant_Review-g29556-d416862-Reviews-Applebee_s-Ann_Arbor_Michigan.html,no,
228,No Thai!,http://tripadvisor.com/Restaurant_Review-g29556-d898632-Reviews-No_Thai-Ann_Arbor_Michigan.html,no,
229,Kang's Korean Restaurant,http://tripadvisor.com/Restaurant_Review-g29556-d2500651-Reviews-Kang_s_Korean_Restaurant-Ann_Arbor_Michigan.html,no,
230,The Garden Grille & Bar,http://tripadvisor.com/Restaurant_Review-g29556-d5001290-Reviews-The_Garden_Grille_Bar-Ann_Arbor_Michigan.html,no,
231,Eastern Flame,http://tripadvisor.com/Restaurant_Review-g29556-d2680519-Reviews-Eastern_Flame-Ann_Arbor_Michigan.html,no,
232,Vin Bar,http://tripadvisor.com/Restaurant_Review-g29556-d7236619-Reviews-Vin_Bar-Ann_Arbor_Michigan.html,no,
233,Bubble Island,http://tripadvisor.com/Restaurant_Review-g29556-d416813-Reviews-Bubble_Island-Ann_Arbor_Michigan.html,no,
234,Mancinos Pizzas and Grinders,http://tripadvisor.com/Restaurant_Review-g29556-d417113-Reviews-Mancinos_Pizzas_and_Grinders-Ann_Arbor_Michigan.html,no,
235,Revive,http://tripadvisor.com/Restaurant_Review-g29556-d4244409-Reviews-Revive-Ann_Arbor_Michigan.html,no,
236,Ann Arbor Papa John's,http://tripadvisor.com/Restaurant_Review-g29556-d4253717-Reviews-Ann_Arbor_Papa_John_s-Ann_Arbor_Michigan.html,no,
237,Damas Restaurant,http://tripadvisor.com/Restaurant_Review-g29556-d7019910-Reviews-Damas_Restaurant-Ann_Arbor_Michigan.html,no,
238,Panera Bread,http://tripadvisor.com/Restaurant_Review-g29556-d3716927-Reviews-Panera_Bread-Ann_Arbor_Michigan.html,no,
239,Espresso Royale,http://tripadvisor.com/Restaurant_Review-g29556-d4514188-Reviews-Espresso_Royale-Ann_Arbor_Michigan.html,no,
240,Giardino's Pizza,http://tripadvisor.com/Restaurant_Review-g29556-d3785370-Reviews-Giardino_s_Pizza-Ann_Arbor_Michigan.html,no,
241,Pita King,http://tripadvisor.com/Restaurant_Review-g29556-d8644306-Reviews-Pita_King-Ann_Arbor_Michigan.html,no,
242,Backroom,http://tripadvisor.com/Restaurant_Review-g29556-d416879-Reviews-Backroom-Ann_Arbor_Michigan.html,no,
243,Guy Hollerin's,http://tripadvisor.com/Restaurant_Review-g29556-d2162106-Reviews-Guy_Hollerin_s-Ann_Arbor_Michigan.html,no,
244,Sottini's Sub Shop,http://tripadvisor.com/Restaurant_Review-g29556-d417035-Reviews-Sottini_s_Sub_Shop-Ann_Arbor_Michigan.html,no,
245,Cafe Verde,http://tripadvisor.com/Restaurant_Review-g29556-d416910-Reviews-Cafe_Verde-Ann_Arbor_Michigan.html,no,
246,Mr Spot's,http://tripadvisor.com/Restaurant_Review-g29556-d416798-Reviews-Mr_Spot_s-Ann_Arbor_Michigan.html,no,
247,Yee Siang Dumplings,http://tripadvisor.com/Restaurant_Review-g29556-d9702098-Reviews-Yee_Siang_Dumplings-Ann_Arbor_Michigan.html,no,
248,Eat Catering & Carry Out,http://tripadvisor.com/Restaurant_Review-g29556-d3845554-Reviews-Eat_Catering_Carry_Out-Ann_Arbor_Michigan.html,no,
249,Rich J C Korean Restaurant,http://tripadvisor.com/Restaurant_Review-g29556-d5256918-Reviews-Rich_J_C_Korean_Restaurant-Ann_Arbor_Michigan.html,no,
250,Emerald City Restaurant,http://tripadvisor.com/Restaurant_Review-g29556-d416988-Reviews-Emerald_City_Restaurant-Ann_Arbor_Michigan.html,no,
251,DiBella's,http://tripadvisor.com/Restaurant_Review-g29556-d1717885-Reviews-DiBella_s-Ann_Arbor_Michigan.html,no,
252,Cottage Inn Pizza,http://tripadvisor.com/Restaurant_Review-g29556-d4641943-Reviews-Cottage_Inn_Pizza-Ann_Arbor_Michigan.html,no,
253,Katoi,http://tripadvisor.com/Restaurant_Review-g29556-d8710029-Reviews-Katoi-Ann_Arbor_Michigan.html,no,
254,Bangkok Cuisine Express III,http://tripadvisor.com/Restaurant_Review-g29556-d1894914-Reviews-Bangkok_Cuisine_Express_III-Ann_Arbor_Michigan.html,no,
255,Suvai,http://tripadvisor.com/Restaurant_Review-g29556-d3346697-Reviews-Suvai-Ann_Arbor_Michigan.html,no,
256,Old Town,http://tripadvisor.com/Restaurant_Review-g29556-d416876-Reviews-Old_Town-Ann_Arbor_Michigan.html,no,
257,PIZZA PINO EATERY,http://tripadvisor.com/Restaurant_Review-g29556-d3250918-Reviews-PIZZA_PINO_EATERY-Ann_Arbor_Michigan.html,no,
258,South U Pizza,http://tripadvisor.com/Restaurant_Review-g29556-d4820857-Reviews-South_U_Pizza-Ann_Arbor_Michigan.html,no,
259,Bob Evans,http://tripadvisor.com/Restaurant_Review-g29556-d417048-Reviews-Bob_Evans-Ann_Arbor_Michigan.html,no,
260,Nagomi Sushi,http://tripadvisor.com/Restaurant_Review-g29556-d4635187-Reviews-Nagomi_Sushi-Ann_Arbor_Michigan.html,no,
261,Wendy's,http://tripadvisor.com/Restaurant_Review-g29556-d4614578-Reviews-Wendy_s-Ann_Arbor_Michigan.html,no,
262,Five Guys,http://tripadvisor.com/Restaurant_Review-g29556-d8802954-Reviews-Five_Guys-Ann_Arbor_Michigan.html,no,
263,The Pita Pit,http://tripadvisor.com/Restaurant_Review-g29556-d417025-Reviews-The_Pita_Pit-Ann_Arbor_Michigan.html,no,
264,Saigon Garden,http://tripadvisor.com/Restaurant_Review-g29556-d416823-Reviews-Saigon_Garden-Ann_Arbor_Michigan.html,no,
265,Panchero's Mexican Grill,http://tripadvisor.com/Restaurant_Review-g29556-d416880-Reviews-Panchero_s_Mexican_Grill-Ann_Arbor_Michigan.html,no,
266,Noodles & Company,http://tripadvisor.com/Restaurant_Review-g29556-d951623-Reviews-Noodles_Company-Ann_Arbor_Michigan.html,no,
267,The Big Salad,http://tripadvisor.com/Restaurant_Review-g29556-d4353627-Reviews-The_Big_Salad-Ann_Arbor_Michigan.html,no,
268,Achilles Restaurant,http://tripadvisor.com/Restaurant_Review-g29556-d416955-Reviews-Achilles_Restaurant-Ann_Arbor_Michigan.html,no,
269,Domino's Pizza,http://tripadvisor.com/Restaurant_Review-g29556-d4831456-Reviews-Domino_s_Pizza-Ann_Arbor_Michigan.html,no,
270,UMI Sushi,http://tripadvisor.com/Restaurant_Review-g29556-d2392253-Reviews-UMI_Sushi-Ann_Arbor_Michigan.html,no,
271,Cafe Ambrosia,http://tripadvisor.com/Restaurant_Review-g29556-d416808-Reviews-Cafe_Ambrosia-Ann_Arbor_Michigan.html,no,
272,Alpha Koney Island,http://tripadvisor.com/Restaurant_Review-g29556-d417085-Reviews-Alpha_Koney_Island-Ann_Arbor_Michigan.html,no,
273,RIcewood,http://tripadvisor.com/Restaurant_Review-g29556-d8272697-Reviews-RIcewood-Ann_Arbor_Michigan.html,no,
274,Buffalo Wild Wings,http://tripadvisor.com/Restaurant_Review-g29556-d1070600-Reviews-Buffalo_Wild_Wings-Ann_Arbor_Michigan.html,no,
275,No Thai,http://tripadvisor.com/Restaurant_Review-g29556-d5233992-Reviews-No_Thai-Ann_Arbor_Michigan.html,no,
276,Ahmo's Gyro's & Deli,http://tripadvisor.com/Restaurant_Review-g29556-d2162115-Reviews-Ahmo_s_Gyro_s_Deli-Ann_Arbor_Michigan.html,no,
277,Leo's Coney Island,http://tripadvisor.com/Restaurant_Review-g29556-d4712691-Reviews-Leo_s_Coney_Island-Ann_Arbor_Michigan.html,no,
278,Five Guys,http://tripadvisor.com/Restaurant_Review-g29556-d5097308-Reviews-Five_Guys-Ann_Arbor_Michigan.html,no,
279,Babs' Underground,http://tripadvisor.com/Restaurant_Review-g29556-d1948683-Reviews-Babs_Underground-Ann_Arbor_Michigan.html,no,
280,Potbelly Sandwich Works,http://tripadvisor.com/Restaurant_Review-g29556-d1478496-Reviews-Potbelly_Sandwich_Works-Ann_Arbor_Michigan.html,no,
281,Big Ten Burrito,http://tripadvisor.com/Restaurant_Review-g29556-d4623929-Reviews-Big_Ten_Burrito-Ann_Arbor_Michigan.html,no,
282,Moe's Southwest Grill,http://tripadvisor.com/Restaurant_Review-g29556-d4035365-Reviews-Moe_s_Southwest_Grill-Ann_Arbor_Michigan.html,no,
283,New York Pizza,http://tripadvisor.com/Restaurant_Review-g29556-d416765-Reviews-New_York_Pizza-Ann_Arbor_Michigan.html,no,
284,Jimmy John's Gourmet Sandwiches,http://tripadvisor.com/Restaurant_Review-g29556-d7350376-Reviews-Jimmy_John_s_Gourmet_Sandwiches-Ann_Arbor_Michigan.html,no,
285,Amer's,http://tripadvisor.com/Restaurant_Review-g29556-d416815-Reviews-Amer_s-Ann_Arbor_Michigan.html,no,
286,Rod's Diner & Corporation,http://tripadvisor.com/Restaurant_Review-g29556-d416902-Reviews-Rod_s_Diner_Corporation-Ann_Arbor_Michigan.html,no,
287,Cottage Inn Pizza,http://tripadvisor.com/Restaurant_Review-g29556-d4399603-Reviews-Cottage_Inn_Pizza-Ann_Arbor_Michigan.html,no,
288,Izzy's Hoagie Shop,http://tripadvisor.com/Restaurant_Review-g29556-d416863-Reviews-Izzy_s_Hoagie_Shop-Ann_Arbor_Michigan.html,no,
289,Old German,http://tripadvisor.com/Restaurant_Review-g29556-d4542336-Reviews-Old_German-Ann_Arbor_Michigan.html,no,
290,Taqueria La Fiesta,http://tripadvisor.com/Restaurant_Review-g29556-d3734004-Reviews-Taqueria_La_Fiesta-Ann_Arbor_Michigan.html,no,
291,Joe's Crab Shack,http://tripadvisor.com/Restaurant_Review-g29556-d416858-Reviews-Joe_s_Crab_Shack-Ann_Arbor_Michigan.html,no,
292,Chipotle Mexican Grill,http://tripadvisor.com/Restaurant_Review-g29556-d4634357-Reviews-Chipotle_Mexican_Grill-Ann_Arbor_Michigan.html,no,
293,China Gate,http://tripadvisor.com/Restaurant_Review-g29556-d416772-Reviews-China_Gate-Ann_Arbor_Michigan.html,no,
294,McDonald's,http://tripadvisor.com/Restaurant_Review-g29556-d4541074-Reviews-McDonald_s-Ann_Arbor_Michigan.html,no,
295,Ayaka,http://tripadvisor.com/Restaurant_Review-g29556-d4542485-Reviews-Ayaka-Ann_Arbor_Michigan.html,no,
296,Wendy's,http://tripadvisor.com/Restaurant_Review-g29556-d5065971-Reviews-Wendy_s-Ann_Arbor_Michigan.html,no,
297,Score Keepers,http://tripadvisor.com/Restaurant_Review-g29556-d4982485-Reviews-Score_Keepers-Ann_Arbor_Michigan.html,no,
298,Mi Compadre,http://tripadvisor.com/Restaurant_Review-g29556-d7984640-Reviews-Mi_Compadre-Ann_Arbor_Michigan.html,no,
299,Sabor Latino Restaurant Tqria,http://tripadvisor.com/Restaurant_Review-g29556-d416891-Reviews-Sabor_Latino_Restaurant_Tqria-Ann_Arbor_Michigan.html,no,
300,Seoul Korner Cafe,http://tripadvisor.com/Restaurant_Review-g29556-d416848-Reviews-Seoul_Korner_Cafe-Ann_Arbor_Michigan.html,no,
301,Zoup! Fresh Soup Co,http://tripadvisor.com/Restaurant_Review-g29556-d1016746-Reviews-Zoup_Fresh_Soup_Co-Ann_Arbor_Michigan.html,no,
302,Panera Bread,http://tripadvisor.com/Restaurant_Review-g29556-d3717143-Reviews-Panera_Bread-Ann_Arbor_Michigan.html,no,
303,Noodles & Company,http://tripadvisor.com/Restaurant_Review-g29556-d6564719-Reviews-Noodles_Company-Ann_Arbor_Michigan.html,no,
304,Chipotle Mexican Grill,http://tripadvisor.com/Restaurant_Review-g29556-d5108768-Reviews-Chipotle_Mexican_Grill-Ann_Arbor_Michigan.html,no,
305,DKY Sushi,http://tripadvisor.com/Restaurant_Review-g29556-d5091326-Reviews-DKY_Sushi-Ann_Arbor_Michigan.html,no,
306,Chan's Garden,http://tripadvisor.com/Restaurant_Review-g29556-d4645599-Reviews-Chan_s_Garden-Ann_Arbor_Michigan.html,no,
307,Teriyaki Time,http://tripadvisor.com/Restaurant_Review-g29556-d510684-Reviews-Teriyaki_Time-Ann_Arbor_Michigan.html,no,
308,Jet's Pizza,http://tripadvisor.com/Restaurant_Review-g29556-d5045512-Reviews-Jet_s_Pizza-Ann_Arbor_Michigan.html,no,
309,Morgan and York,http://tripadvisor.com/Restaurant_Review-g29556-d10661076-Reviews-Morgan_and_York-Ann_Arbor_Michigan.html,no,
310,Taco Bell,http://tripadvisor.com/Restaurant_Review-g29556-d4641926-Reviews-Taco_Bell-Ann_Arbor_Michigan.html,no,
311,Simply Spanish,http://tripadvisor.com/Restaurant_Review-g29556-d6882298-Reviews-Simply_Spanish-Ann_Arbor_Michigan.html,no,
312,Ray's Red Hots,http://tripadvisor.com/Restaurant_Review-g29556-d4569888-Reviews-Ray_s_Red_Hots-Ann_Arbor_Michigan.html,no,
313,Sweetology,http://tripadvisor.com/Restaurant_Review-g29556-d8462903-Reviews-Sweetology-Ann_Arbor_Michigan.html,no,
314,BTB Cantina,http://tripadvisor.com/Restaurant_Review-g29556-d5091792-Reviews-BTB_Cantina-Ann_Arbor_Michigan.html,no,
315,Panda Express,http://tripadvisor.com/Restaurant_Review-g29556-d4976786-Reviews-Panda_Express-Ann_Arbor_Michigan.html,no,
316,Quickie Burger Bar & Grill,http://tripadvisor.com/Restaurant_Review-g29556-d5110781-Reviews-Quickie_Burger_Bar_Grill-Ann_Arbor_Michigan.html,no,
317,Jimmy John's Gourmet Sandwiches,http://tripadvisor.com/Restaurant_Review-g29556-d9701756-Reviews-Jimmy_John_s_Gourmet_Sandwiches-Ann_Arbor_Michigan.html,no,
318,University Cafe,http://tripadvisor.com/Restaurant_Review-g29556-d3507216-Reviews-University_Cafe-Ann_Arbor_Michigan.html,no,
319,Beanster's Cafe,http://tripadvisor.com/Restaurant_Review-g29556-d5544961-Reviews-Beanster_s_Cafe-Ann_Arbor_Michigan.html,no,
320,Copernicus European DLCTSN,http://tripadvisor.com/Restaurant_Review-g29556-d4992775-Reviews-Copernicus_European_DLCTSN-Ann_Arbor_Michigan.html,no,
321,Panda House,http://tripadvisor.com/Restaurant_Review-g29556-d417086-Reviews-Panda_House-Ann_Arbor_Michigan.html,no,
322,Oasis Deli,http://tripadvisor.com/Restaurant_Review-g29556-d416906-Reviews-Oasis_Deli-Ann_Arbor_Michigan.html,no,
323,Alley Bar,http://tripadvisor.com/Restaurant_Review-g29556-d4440772-Reviews-Alley_Bar-Ann_Arbor_Michigan.html,no,
324,Saica Restaurant,http://tripadvisor.com/Restaurant_Review-g29556-d416930-Reviews-Saica_Restaurant-Ann_Arbor_Michigan.html,no,
325,Outback Steakhouse,http://tripadvisor.com/Restaurant_Review-g29556-d416801-Reviews-Outback_Steakhouse-Ann_Arbor_Michigan.html,no,
326,Kai Garden,http://tripadvisor.com/Restaurant_Review-g29556-d416947-Reviews-Kai_Garden-Ann_Arbor_Michigan.html,no,
327,Potbelly Sandwich Works,http://tripadvisor.com/Restaurant_Review-g29556-d951794-Reviews-Potbelly_Sandwich_Works-Ann_Arbor_Michigan.html,no,
328,Taco Bell,http://tripadvisor.com/Restaurant_Review-g29556-d5025414-Reviews-Taco_Bell-Ann_Arbor_Michigan.html,no,
329,Marco's Pizza,http://tripadvisor.com/Restaurant_Review-g29556-d416932-Reviews-Marco_s_Pizza-Ann_Arbor_Michigan.html,no,
330,Tasty Green Cafe,http://tripadvisor.com/Restaurant_Review-g29556-d5457238-Reviews-Tasty_Green_Cafe-Ann_Arbor_Michigan.html,no,
331,MoonWinks Cafe,http://tripadvisor.com/Restaurant_Review-g29556-d1009673-Reviews-MoonWinks_Cafe-Ann_Arbor_Michigan.html,no,
332,Piada Italian Street Food,http://tripadvisor.com/Restaurant_Review-g29556-d10321499-Reviews-Piada_Italian_Street_Food-Ann_Arbor_Michigan.html,no,
333,Fraser's Pub,http://tripadvisor.com/Restaurant_Review-g29556-d416897-Reviews-Fraser_s_Pub-Ann_Arbor_Michigan.html,no,
334,Mash,http://tripadvisor.com/Restaurant_Review-g29556-d3785364-Reviews-Mash-Ann_Arbor_Michigan.html,no,
335,China King,http://tripadvisor.com/Restaurant_Review-g29556-d8365201-Reviews-China_King-Ann_Arbor_Michigan.html,no,
336,Qdoba Mexican Grill,http://tripadvisor.com/Restaurant_Review-g29556-d3570199-Reviews-Qdoba_Mexican_Grill-Ann_Arbor_Michigan.html,no,
337,A Hello Faz Pizza,http://tripadvisor.com/Restaurant_Review-g29556-d417060-Reviews-A_Hello_Faz_Pizza-Ann_Arbor_Michigan.html,no,
338,Brown Jug Restaurant,http://tripadvisor.com/Restaurant_Review-g29556-d416785-Reviews-Brown_Jug_Restaurant-Ann_Arbor_Michigan.html,no,
339,KFC,http://tripadvisor.com/Restaurant_Review-g29556-d4616410-Reviews-KFC-Ann_Arbor_Michigan.html,no,
340,Taco King,http://tripadvisor.com/Restaurant_Review-g29556-d8305618-Reviews-Taco_King-Ann_Arbor_Michigan.html,no,
341,Just Baked,http://tripadvisor.com/Restaurant_Review-g29556-d5085658-Reviews-Just_Baked-Ann_Arbor_Michigan.html,no,
342,Qdoba Mexican Grill,http://tripadvisor.com/Restaurant_Review-g29556-d3570663-Reviews-Qdoba_Mexican_Grill-Ann_Arbor_Michigan.html,no,
343,Hunter House Ann Arbor,http://tripadvisor.com/Restaurant_Review-g29556-d7236223-Reviews-Hunter_House_Ann_Arbor-Ann_Arbor_Michigan.html,no,
344,No Thai,http://tripadvisor.com/Restaurant_Review-g29556-d10636252-Reviews-No_Thai-Ann_Arbor_Michigan.html,no,
345,Panda Korean & Chinese Food,http://tripadvisor.com/Restaurant_Review-g29556-d416796-Reviews-Panda_Korean_Chinese_Food-Ann_Arbor_Michigan.html,no,
346,Sushi Tatsu,http://tripadvisor.com/Restaurant_Review-g29556-d6751056-Reviews-Sushi_Tatsu-Ann_Arbor_Michigan.html,no,
347,Domino's Pizza,http://tripadvisor.com/Restaurant_Review-g29556-d3733912-Reviews-Domino_s_Pizza-Ann_Arbor_Michigan.html,no,
348,Subway,http://tripadvisor.com/Restaurant_Review-g29556-d4247030-Reviews-Subway-Ann_Arbor_Michigan.html,no,
349,Little Porkie's Pizza-N-More,http://tripadvisor.com/Restaurant_Review-g29556-d4655449-Reviews-Little_Porkie_s_Pizza_N_More-Ann_Arbor_Michigan.html,no,
350,McDonald's,http://tripadvisor.com/Restaurant_Review-g29556-d5586993-Reviews-McDonald_s-Ann_Arbor_Michigan.html,no,
351,Panda Express,http://tripadvisor.com/Restaurant_Review-g29556-d5012711-Reviews-Panda_Express-Ann_Arbor_Michigan.html,no,
352,Great Harvest Bread,http://tripadvisor.com/Restaurant_Review-g29556-d5095954-Reviews-Great_Harvest_Bread-Ann_Arbor_Michigan.html,no,
353,Zingerman's Events on Fourth,http://tripadvisor.com/Restaurant_Review-g29556-d3235921-Reviews-Zingerman_s_Events_on_Fourth-Ann_Arbor_Michigan.html,no,
354,Bella Italia,http://tripadvisor.com/Restaurant_Review-g29556-d2093569-Reviews-Bella_Italia-Ann_Arbor_Michigan.html,no,
355,Jet's Pizza,http://tripadvisor.com/Restaurant_Review-g29556-d3457355-Reviews-Jet_s_Pizza-Ann_Arbor_Michigan.html,no,
356,Panera Bread,http://tripadvisor.com/Restaurant_Review-g29556-d3707641-Reviews-Panera_Bread-Ann_Arbor_Michigan.html,no,
357,Happy Wok,http://tripadvisor.com/Restaurant_Review-g29556-d417072-Reviews-Happy_Wok-Ann_Arbor_Michigan.html,no,
358,Great Plains Burger Company,http://tripadvisor.com/Restaurant_Review-g29556-d1631723-Reviews-Great_Plains_Burger_Company-Ann_Arbor_Michigan.html,no,
359,Cloverleaf Restaurant,http://tripadvisor.com/Restaurant_Review-g29556-d416921-Reviews-Cloverleaf_Restaurant-Ann_Arbor_Michigan.html,no,
360,Elevation Burger Ann Arbor - Liberty,http://tripadvisor.com/Restaurant_Review-g29556-d8091033-Reviews-Elevation_Burger_Ann_Arbor_Liberty-Ann_Arbor_Michigan.html,no,
361,Biwako Sushi,http://tripadvisor.com/Restaurant_Review-g29556-d2162111-Reviews-Biwako_Sushi-Ann_Arbor_Michigan.html,no,
362,Panda Express,http://tripadvisor.com/Restaurant_Review-g29556-d4312300-Reviews-Panda_Express-Ann_Arbor_Michigan.html,no,
363,Amer's Delicatessen - Church St.,http://tripadvisor.com/Restaurant_Review-g29556-d416878-Reviews-Amer_s_Delicatessen_Church_St-Ann_Arbor_Michigan.html,no,
364,San Fu Oriental Cuisine,http://tripadvisor.com/Restaurant_Review-g29556-d416923-Reviews-San_Fu_Oriental_Cuisine-Ann_Arbor_Michigan.html,no,
365,Country Pride,http://tripadvisor.com/Restaurant_Review-g29556-d3660675-Reviews-Country_Pride-Ann_Arbor_Michigan.html,no,
366,Rick's American Cafe,http://tripadvisor.com/Restaurant_Review-g29556-d4616778-Reviews-Rick_s_American_Cafe-Ann_Arbor_Michigan.html,no,
367,Old Carolina Barbeque Company,http://tripadvisor.com/Restaurant_Review-g29556-d6506790-Reviews-Old_Carolina_Barbeque_Company-Ann_Arbor_Michigan.html,no,
368,Asian Legend,http://tripadvisor.com/Restaurant_Review-g29556-d1006079-Reviews-Asian_Legend-Ann_Arbor_Michigan.html,no,
369,Village Kitchen,http://tripadvisor.com/Restaurant_Review-g29556-d416821-Reviews-Village_Kitchen-Ann_Arbor_Michigan.html,no,
370,KouZina,http://tripadvisor.com/Restaurant_Review-g29556-d10413864-Reviews-KouZina-Ann_Arbor_Michigan.html,no,
371,Subway,http://tripadvisor.com/Restaurant_Review-g29556-d9711331-Reviews-Subway-Ann_Arbor_Michigan.html,no,
372,327 Braun Court,http://tripadvisor.com/Restaurant_Review-g29556-d4998524-Reviews-327_Braun_Court-Ann_Arbor_Michigan.html,no,
373,Burger King,http://tripadvisor.com/Restaurant_Review-g29556-d10345173-Reviews-Burger_King-Ann_Arbor_Michigan.html,no,
374,Glass House Cafe,http://tripadvisor.com/Restaurant_Review-g29556-d5092471-Reviews-Glass_House_Cafe-Ann_Arbor_Michigan.html,no,
375,Subway,http://tripadvisor.com/Restaurant_Review-g29556-d5485277-Reviews-Subway-Ann_Arbor_Michigan.html,no,
376,Topper's Pizza,http://tripadvisor.com/Restaurant_Review-g29556-d5012488-Reviews-Topper_s_Pizza-Ann_Arbor_Michigan.html,no,
377,Cottage Inn Pizza,http://tripadvisor.com/Restaurant_Review-g29556-d3717091-Reviews-Cottage_Inn_Pizza-Ann_Arbor_Michigan.html,no,
378,Panda House,http://tripadvisor.com/Restaurant_Review-g29556-d5066606-Reviews-Panda_House-Ann_Arbor_Michigan.html,no,
379,Papa John's,http://tripadvisor.com/Restaurant_Review-g29556-d5083980-Reviews-Papa_John_s-Ann_Arbor_Michigan.html,no,
380,Mrs. Fields,http://tripadvisor.com/Restaurant_Review-g29556-d4593530-Reviews-Mrs_Fields-Ann_Arbor_Michigan.html,no,
381,8 Tortas,http://tripadvisor.com/Restaurant_Review-g29556-d7942331-Reviews-8_Tortas-Ann_Arbor_Michigan.html,no,
382,Heidelberg,http://tripadvisor.com/Restaurant_Review-g29556-d416871-Reviews-Heidelberg-Ann_Arbor_Michigan.html,no,
383,TGI Friday's,http://tripadvisor.com/Restaurant_Review-g29556-d416986-Reviews-TGI_Friday_s-Ann_Arbor_Michigan.html,no,
384,Ahmo's Gyro & Deli,http://tripadvisor.com/Restaurant_Review-g29556-d2162114-Reviews-Ahmo_s_Gyro_Deli-Ann_Arbor_Michigan.html,no,
385,Sabor Latino,http://tripadvisor.com/Restaurant_Review-g29556-d416777-Reviews-Sabor_Latino-Ann_Arbor_Michigan.html,no,
386,Bell's Pizza,http://tripadvisor.com/Restaurant_Review-g29556-d416903-Reviews-Bell_s_Pizza-Ann_Arbor_Michigan.html,no,
387,Rush Street,http://tripadvisor.com/Restaurant_Review-g29556-d1344165-Reviews-Rush_Street-Ann_Arbor_Michigan.html,no,
388,SIAM Cuisine Incorporated,http://tripadvisor.com/Restaurant_Review-g29556-d417027-Reviews-SIAM_Cuisine_Incorporated-Ann_Arbor_Michigan.html,no,
389,Bob Evans,http://tripadvisor.com/Restaurant_Review-g29556-d9858669-Reviews-Bob_Evans-Ann_Arbor_Michigan.html,no,
390,Cottage Inn Pizza,http://tripadvisor.com/Restaurant_Review-g29556-d3717262-Reviews-Cottage_Inn_Pizza-Ann_Arbor_Michigan.html,no,
391,Chuck E. Cheese's,http://tripadvisor.com/Restaurant_Review-g29556-d416973-Reviews-Chuck_E_Cheese_s-Ann_Arbor_Michigan.html,no,
392,Subway,http://tripadvisor.com/Restaurant_Review-g29556-d4641538-Reviews-Subway-Ann_Arbor_Michigan.html,no,
393,Lotus Thai,http://tripadvisor.com/Restaurant_Review-g29556-d2186691-Reviews-Lotus_Thai-Ann_Arbor_Michigan.html,no,
394,Lucky Kitchen Chinese,http://tripadvisor.com/Restaurant_Review-g29556-d416907-Reviews-Lucky_Kitchen_Chinese-Ann_Arbor_Michigan.html,no,
395,Cafe Rendez-Vous,http://tripadvisor.com/Restaurant_Review-g29556-d416908-Reviews-Cafe_Rendez_Vous-Ann_Arbor_Michigan.html,no,
396,Tianchu Restaurant,http://tripadvisor.com/Restaurant_Review-g29556-d2162109-Reviews-Tianchu_Restaurant-Ann_Arbor_Michigan.html,no,
397,McDonald's,http://tripadvisor.com/Restaurant_Review-g29556-d5059530-Reviews-McDonald_s-Ann_Arbor_Michigan.html,no,
398,Colonial Lanes,http://tripadvisor.com/Restaurant_Review-g29556-d4717596-Reviews-Colonial_Lanes-Ann_Arbor_Michigan.html,no,
399,Makkara,http://tripadvisor.com/Restaurant_Review-g29556-d3717605-Reviews-Makkara-Ann_Arbor_Michigan.html,no,
400,Qdoba Mexican Grill,http://tripadvisor.com/Restaurant_Review-g29556-d3571959-Reviews-Qdoba_Mexican_Grill-Ann_Arbor_Michigan.html,no,
401,Cc,http://tripadvisor.com/Restaurant_Review-g29556-d4332626-Reviews-Cc-Ann_Arbor_Michigan.html,no,
402,Wasabi Sushi Plus,http://tripadvisor.com/Restaurant_Review-g29556-d416780-Reviews-Wasabi_Sushi_Plus-Ann_Arbor_Michigan.html,no,
403,Burger King,http://tripadvisor.com/Restaurant_Review-g29556-d5094493-Reviews-Burger_King-Ann_Arbor_Michigan.html,no,
404,Uh Cafe,http://tripadvisor.com/Restaurant_Review-g29556-d5480814-Reviews-Uh_Cafe-Ann_Arbor_Michigan.html,no,
405,Big Ten Burrito,http://tripadvisor.com/Restaurant_Review-g29556-d5562197-Reviews-Big_Ten_Burrito-Ann_Arbor_Michigan.html,no,
406,La Pita Fresh,http://tripadvisor.com/Restaurant_Review-g29556-d3716731-Reviews-La_Pita_Fresh-Ann_Arbor_Michigan.html,no,
407,Subway,http://tripadvisor.com/Restaurant_Review-g29556-d4921610-Reviews-Subway-Ann_Arbor_Michigan.html,no,
408,Bash's Grill & Cafe',http://tripadvisor.com/Restaurant_Review-g29556-d5421520-Reviews-Bash_s_Grill_Cafe-Ann_Arbor_Michigan.html,no,
409,Subway,http://tripadvisor.com/Restaurant_Review-g29556-d4281647-Reviews-Subway-Ann_Arbor_Michigan.html,no,
410,Cottage Inn Pizza,http://tripadvisor.com/Restaurant_Review-g29556-d4281234-Reviews-Cottage_Inn_Pizza-Ann_Arbor_Michigan.html,no,
411,Selma Cafe,http://tripadvisor.com/Restaurant_Review-g29556-d3393292-Reviews-Selma_Cafe-Ann_Arbor_Michigan.html,no,
412,Surf City Squeeze,http://tripadvisor.com/Restaurant_Review-g29556-d4717118-Reviews-Surf_City_Squeeze-Ann_Arbor_Michigan.html,no,
413,Quiznos,http://tripadvisor.com/Restaurant_Review-g29556-d5593837-Reviews-Quiznos-Ann_Arbor_Michigan.html,no,
414,Mancino's Pizza and Grinders,http://tripadvisor.com/Restaurant_Review-g29556-d4889411-Reviews-Mancino_s_Pizza_and_Grinders-Ann_Arbor_Michigan.html,no,
415,Shawarmena,http://tripadvisor.com/Restaurant_Review-g29556-d10674292-Reviews-Shawarmena-Ann_Arbor_Michigan.html,no,
416,The Expresso Bar,http://tripadvisor.com/Restaurant_Review-g29556-d4597138-Reviews-The_Expresso_Bar-Ann_Arbor_Michigan.html,no,
417,German Park,http://tripadvisor.com/Restaurant_Review-g29556-d4811515-Reviews-German_Park-Ann_Arbor_Michigan.html,no,
418,Subway,http://tripadvisor.com/Restaurant_Review-g29556-d4938877-Reviews-Subway-Ann_Arbor_Michigan.html,no,
419,Katherine's Catering,http://tripadvisor.com/Restaurant_Review-g29556-d10358156-Reviews-Katherine_s_Catering-Ann_Arbor_Michigan.html,no,
420,The Beet Box,http://tripadvisor.com/Restaurant_Review-g29556-d5449863-Reviews-The_Beet_Box-Ann_Arbor_Michigan.html,no,
421,Wise Guys - Ann Arbor,http://tripadvisor.com/Restaurant_Review-g29556-d4569806-Reviews-Wise_Guys_Ann_Arbor-Ann_Arbor_Michigan.html,no,
422,Garrett's After Dark,http://tripadvisor.com/Restaurant_Review-g29556-d4836494-Reviews-Garrett_s_After_Dark-Ann_Arbor_Michigan.html,no,
423,Bert's Cafe,http://tripadvisor.com/Restaurant_Review-g29556-d4518209-Reviews-Bert_s_Cafe-Ann_Arbor_Michigan.html,no,
424,Quiznos,http://tripadvisor.com/Restaurant_Review-g29556-d5593396-Reviews-Quiznos-Ann_Arbor_Michigan.html,no,
425,20/20 Cafe,http://tripadvisor.com/Restaurant_Review-g29556-d5208514-Reviews-20_20_Cafe-Ann_Arbor_Michigan.html,no,
426,Why Not Pie,http://tripadvisor.com/Restaurant_Review-g29556-d5569430-Reviews-Why_Not_Pie-Ann_Arbor_Michigan.html,no,
427,Cheese Dream,http://tripadvisor.com/Restaurant_Review-g29556-d4823501-Reviews-Cheese_Dream-Ann_Arbor_Michigan.html,no,
428,Chicago Red's Windy City Hot Dogs,http://tripadvisor.com/Restaurant_Review-g29556-d4659483-Reviews-Chicago_Red_s_Windy_City_Hot_Dogs-Ann_Arbor_Michigan.html,no,
429,Wetzel's Pretzels,http://tripadvisor.com/Restaurant_Review-g29556-d4688474-Reviews-Wetzel_s_Pretzels-Ann_Arbor_Michigan.html,no,
430,Hommus Express,http://tripadvisor.com/Restaurant_Review-g29556-d4744790-Reviews-Hommus_Express-Ann_Arbor_Michigan.html,no,
431,Cake Nouveau,http://tripadvisor.com/Restaurant_Review-g29556-d4714773-Reviews-Cake_Nouveau-Ann_Arbor_Michigan.html,no,
432,Debajo del Sol,http://tripadvisor.com/Restaurant_Review-g29556-d4811509-Reviews-Debajo_del_Sol-Ann_Arbor_Michigan.html,no,
433,The dB Cafe,http://tripadvisor.com/Restaurant_Review-g29556-d4826133-Reviews-The_dB_Cafe-Ann_Arbor_Michigan.html,no,
434,No.9 Hamburgers,http://tripadvisor.com/Restaurant_Review-g29556-d4838554-Reviews-No_9_Hamburgers-Ann_Arbor_Michigan.html,no,
435,A2 Pizza Pi,http://tripadvisor.com/Restaurant_Review-g29556-d4821651-Reviews-A2_Pizza_Pi-Ann_Arbor_Michigan.html,no,
436,Soup's On,http://tripadvisor.com/Restaurant_Review-g29556-d417067-Reviews-Soup_s_On-Ann_Arbor_Michigan.html,no,
437,Ann Arbor Cooks,http://tripadvisor.com/Restaurant_Review-g29556-d4186031-Reviews-Ann_Arbor_Cooks-Ann_Arbor_Michigan.html,no,
438,Pizza Bay,http://tripadvisor.com/Restaurant_Review-g29556-d417094-Reviews-Pizza_Bay-Ann_Arbor_Michigan.html,no,
439,Mr Pita & The Coffee Beanery,http://tripadvisor.com/Restaurant_Review-g29556-d417054-Reviews-Mr_Pita_The_Coffee_Beanery-Ann_Arbor_Michigan.html,no,
440,Diag Pizza and Subs,http://tripadvisor.com/Restaurant_Review-g29556-d4979671-Reviews-Diag_Pizza_and_Subs-Ann_Arbor_Michigan.html,no,
441,Villa Pizza,http://tripadvisor.com/Restaurant_Review-g29556-d417041-Reviews-Villa_Pizza-Ann_Arbor_Michigan.html,no,
442,Empress Restaurant,http://tripadvisor.com/Restaurant_Review-g29556-d417031-Reviews-Empress_Restaurant-Ann_Arbor_Michigan.html,no,
443,MeiMei's,http://tripadvisor.com/Restaurant_Review-g29556-d7130727-Reviews-MeiMei_s-Ann_Arbor_Michigan.html,no,
444,Ann Arbor Tortilla,http://tripadvisor.com/Restaurant_Review-g29556-d5032236-Reviews-Ann_Arbor_Tortilla-Ann_Arbor_Michigan.html,no,
445,Foods of India,http://tripadvisor.com/Restaurant_Review-g29556-d416870-Reviews-Foods_of_India-Ann_Arbor_Michigan.html,no,
446,Taste Private Chef,http://tripadvisor.com/Restaurant_Review-g29556-d416869-Reviews-Taste_Private_Chef-Ann_Arbor_Michigan.html,no,
